{
  "images": [
    {
      "width": 720,
      "height": 1160,
      "id": 0,
      "file_name": "images\\3f0c96cb-01-86_91-298341_449414-458394_308410_304357_454341-0_0_14_28_24_26_29-124-24.jpg"
    },
    {
      "width": 720,
      "height": 1160,
      "id": 1,
      "file_name": "images\\c0cb59a5-01-89_84-231482_413539-422537_242536_219475_399476-0_0_15_11_25_26_26-121-16.jpg"
    },
    {
      "width": 720,
      "height": 1160,
      "id": 2,
      "file_name": "images\\f6a462fe-01-89_90-302482_487539-497538_295550_294490_496478-0_0_30_25_29_31_24-130-26.jpg"
    }
  ],
  "categories": [
    {
      "id": 0,
      "name": "car"
    }
  ],
  "annotations": [
    {
      "id": 0,
      "image_id": 0,
      "category_id": 0,
      "segmentation": [
        [
          437.0000000000001,
          342.0,
          435.9999999999999,
          343.0,
          433.0,
          343.0,
          432.0,
          344.0,
          426.0,
          344.0,
          424.0,
          346.00000000000006,
          415.99999999999994,
          346.00000000000006,
          414.99999999999994,
          347.0,
          409.0,
          347.0,
          408.0,
          348.0,
          399.0,
          348.0,
          398.0,
          349.0000000000001,
          390.0,
          349.0000000000001,
          389.0,
          350.0,
          385.0,
          350.0,
          384.0,
          351.0,
          353.0,
          351.0,
          352.0,
          352.0,
          347.0,
          352.0,
          346.0,
          352.99999999999994,
          338.0,
          352.99999999999994,
          337.0,
          354.0,
          322.0,
          354.0,
          321.0,
          354.99999999999994,
          310.0,
          354.99999999999994,
          309.0,
          356.0,
          304.99999999999994,
          356.0,
          301.0,
          360.00000000000006,
          301.0,
          380.00000000000006,
          302.0,
          381.0,
          302.0,
          392.0000000000001,
          303.00000000000006,
          393.0,
          303.00000000000006,
          403.99999999999994,
          303.9999999999999,
          405.0,
          303.9999999999999,
          406.0,
          306.0,
          407.99999999999983,
          309.0,
          407.99999999999983,
          310.0,
          409.0,
          315.0,
          409.0,
          316.0,
          407.99999999999983,
          333.0,
          407.99999999999983,
          334.0,
          407.00000000000006,
          341.0,
          407.00000000000006,
          342.0,
          406.0,
          345.00000000000006,
          406.0,
          346.0,
          405.0,
          360.0,
          405.0,
          361.0,
          403.99999999999994,
          362.00000000000006,
          403.99999999999994,
          363.0,
          403.0,
          379.0,
          403.0,
          380.0,
          401.99999999999994,
          396.00000000000006,
          401.99999999999994,
          397.0,
          401.0,
          412.0,
          401.0,
          413.0,
          400.0,
          417.00000000000006,
          400.0,
          417.9999999999999,
          398.9999999999999,
          426.0,
          398.9999999999999,
          427.0,
          400.0,
          428.0,
          400.0,
          429.0,
          398.9999999999999,
          440.00000000000006,
          398.9999999999999,
          441.0000000000001,
          398.0,
          442.0,
          398.0,
          443.0,
          398.9999999999999,
          445.0,
          398.9999999999999,
          446.0,
          398.0,
          448.0,
          398.0,
          450.0,
          396.00000000000017,
          451.0,
          396.00000000000017,
          452.0,
          394.99999999999994,
          453.0,
          394.99999999999994,
          454.0,
          394.0,
          454.0,
          393.0,
          455.0,
          392.0000000000001,
          455.0,
          388.0,
          456.0,
          386.9999999999999,
          456.0,
          363.0,
          455.0,
          362.0,
          455.0,
          347.0,
          454.0,
          346.00000000000006,
          454.0,
          345.0,
          451.0,
          342.0,
          443.0,
          342.0,
          442.0,
          343.0,
          437.99999999999994,
          343.0
        ]
      ],
      "bbox": [
        301.0,
        342.0,
        155.0,
        67.0
      ],
      "ignore": 0,
      "iscrowd": 0,
      "area": 8182.0
    },
    {
      "id": 1,
      "image_id": 1,
      "category_id": 0,
      "segmentation": [
        [
          390.99999999999994,
          470.99999999999994,
          390.0,
          472.0,
          370.99999999999994,
          472.0,
          369.99999999999994,
          473.0,
          361.0,
          473.0,
          360.0,
          472.0,
          356.0,
          472.0,
          355.0,
          473.0,
          348.00000000000006,
          473.0,
          347.0,
          474.0,
          315.0,
          474.0,
          314.0,
          474.99999999999994,
          312.9999999999999,
          474.99999999999994,
          312.0,
          474.0,
          309.0,
          474.0,
          308.0,
          474.99999999999994,
          266.0,
          474.99999999999994,
          265.0,
          474.0,
          264.0,
          474.99999999999994,
          236.99999999999991,
          474.99999999999994,
          236.0,
          474.0,
          224.0,
          474.0,
          221.0,
          476.9999999999999,
          221.0,
          479.0,
          222.0,
          480.0,
          222.0,
          483.00000000000006,
          223.0,
          484.0,
          223.0,
          487.0,
          224.0,
          488.00000000000006,
          224.0,
          488.9999999999999,
          225.0,
          489.99999999999994,
          225.0,
          491.0,
          226.0,
          492.00000000000006,
          226.0,
          495.0,
          227.0,
          496.0000000000001,
          227.0,
          496.99999999999994,
          228.0,
          498.0000000000001,
          228.0,
          498.99999999999994,
          229.0,
          499.99999999999994,
          229.0,
          502.0,
          229.99999999999997,
          502.9999999999999,
          229.99999999999997,
          504.0,
          231.00000000000003,
          505.0,
          231.00000000000003,
          507.00000000000006,
          231.99999999999997,
          507.99999999999994,
          231.99999999999997,
          512.0000000000001,
          233.0,
          513.0,
          233.0,
          515.0,
          235.00000000000006,
          516.9999999999999,
          236.0,
          516.9999999999999,
          239.0,
          520.0,
          239.0,
          522.0,
          239.99999999999991,
          522.9999999999999,
          239.99999999999991,
          524.0000000000001,
          241.00000000000006,
          525.0000000000001,
          241.00000000000006,
          525.9999999999999,
          242.00000000000003,
          526.9999999999999,
          242.00000000000003,
          528.0,
          243.00000000000003,
          529.0,
          243.00000000000003,
          531.0,
          244.0,
          532.0,
          244.0,
          532.9999999999999,
          245.99999999999997,
          535.0,
          247.0,
          535.0,
          248.0,
          536.0,
          249.00000000000003,
          536.0,
          250.0,
          537.0000000000002,
          251.99999999999997,
          537.0000000000002,
          252.99999999999997,
          538.0,
          258.00000000000006,
          538.0,
          259.0,
          539.0,
          261.0,
          539.0,
          262.0,
          538.0,
          269.0,
          538.0,
          270.0,
          539.0,
          303.00000000000006,
          539.0,
          303.9999999999999,
          540.0,
          307.0,
          540.0,
          308.0,
          539.0,
          309.0,
          539.0,
          310.0,
          540.0,
          316.0,
          540.0,
          317.0000000000001,
          541.0,
          353.0,
          541.0,
          354.0,
          542.0,
          362.00000000000006,
          542.0,
          363.0,
          541.0,
          368.99999999999994,
          541.0,
          369.99999999999994,
          542.0,
          386.0,
          542.0,
          387.0,
          543.0,
          394.00000000000006,
          543.0,
          395.00000000000006,
          544.0,
          396.00000000000006,
          544.0,
          397.0,
          543.0,
          407.0,
          543.0,
          408.0,
          544.0,
          417.9999999999999,
          544.0,
          419.0000000000001,
          543.0,
          420.0,
          543.0,
          421.0,
          542.0,
          422.0,
          542.0,
          422.0,
          541.0,
          423.0,
          540.0,
          423.0,
          536.0,
          422.0,
          535.0,
          422.0,
          532.9999999999999,
          421.0,
          532.0,
          421.0,
          531.0,
          420.0,
          530.0,
          420.0,
          526.9999999999999,
          419.0000000000001,
          525.9999999999999,
          419.0000000000001,
          522.0,
          417.9999999999999,
          520.9999999999999,
          417.9999999999999,
          518.9999999999999,
          417.00000000000006,
          518.0000000000001,
          417.00000000000006,
          516.9999999999999,
          413.9999999999999,
          514.0000000000001,
          413.9999999999999,
          513.0,
          413.0,
          512.0000000000001,
          413.0,
          510.0,
          412.0,
          509.0,
          412.0,
          506.0,
          411.0,
          505.0,
          411.0,
          504.0,
          410.0,
          502.9999999999999,
          410.0,
          500.99999999999994,
          409.0,
          499.99999999999994,
          409.0,
          498.99999999999994,
          408.0,
          498.0000000000001,
          408.0,
          496.99999999999994,
          407.0,
          496.0000000000001,
          407.0,
          494.0000000000001,
          406.0,
          492.99999999999994,
          406.0,
          492.00000000000006,
          405.0,
          491.0,
          405.0,
          488.9999999999999,
          402.99999999999994,
          487.0,
          402.99999999999994,
          484.9999999999999,
          402.0,
          484.0,
          402.0,
          480.9999999999999,
          401.0,
          480.0,
          401.0,
          478.0,
          400.0,
          476.9999999999999,
          400.0,
          474.0,
          398.0,
          472.0,
          397.0,
          472.0,
          396.00000000000006,
          470.99999999999994
        ]
      ],
      "bbox": [
        221.0,
        470.99999999999994,
        202.0,
        73.00000000000006
      ],
      "ignore": 0,
      "iscrowd": 0,
      "area": 11986.0
    },
    {
      "id": 2,
      "image_id": 2,
      "category_id": 0,
      "segmentation": [
        [
          471.00000000000017,
          483.00000000000006,
          470.0000000000001,
          484.0,
          458.9999999999999,
          484.0,
          458.0,
          484.9999999999999,
          455.0,
          484.9999999999999,
          452.0,
          488.00000000000006,
          448.0,
          488.00000000000006,
          447.0,
          487.0,
          446.0,
          487.0,
          445.0,
          486.0,
          443.0,
          486.0,
          442.0,
          484.9999999999999,
          437.99999999999994,
          484.9999999999999,
          437.0000000000001,
          486.0,
          435.0,
          486.0,
          434.0,
          487.0,
          430.0,
          487.0,
          429.0,
          486.0,
          426.0,
          486.0,
          425.0,
          487.0,
          424.0,
          487.0,
          423.0,
          488.00000000000006,
          408.0,
          488.00000000000006,
          407.0,
          488.9999999999999,
          402.99999999999994,
          488.9999999999999,
          402.0,
          488.00000000000006,
          399.0,
          488.00000000000006,
          398.0,
          488.9999999999999,
          397.0,
          488.9999999999999,
          396.00000000000006,
          489.99999999999994,
          385.0,
          489.99999999999994,
          384.0,
          488.9999999999999,
          381.0,
          488.9999999999999,
          380.0,
          489.99999999999994,
          376.0,
          489.99999999999994,
          375.0,
          491.0,
          372.99999999999994,
          491.0,
          372.00000000000006,
          489.99999999999994,
          370.99999999999994,
          489.99999999999994,
          369.99999999999994,
          488.9999999999999,
          366.0,
          488.9999999999999,
          365.0,
          489.99999999999994,
          353.0,
          489.99999999999994,
          352.0,
          491.0,
          335.99999999999994,
          491.0,
          334.0,
          492.99999999999994,
          332.0,
          492.99999999999994,
          330.9999999999999,
          494.0000000000001,
          329.0,
          494.0000000000001,
          328.0,
          495.0,
          326.99999999999994,
          494.0000000000001,
          326.0000000000001,
          494.0000000000001,
          325.00000000000006,
          492.99999999999994,
          298.0,
          492.99999999999994,
          297.0,
          494.0000000000001,
          294.9999999999999,
          494.0000000000001,
          294.00000000000006,
          495.0,
          292.0,
          495.0,
          290.99999999999994,
          496.0000000000001,
          290.0000000000001,
          496.0000000000001,
          290.0000000000001,
          498.99999999999994,
          289.0,
          499.99999999999994,
          289.0,
          505.0,
          290.0000000000001,
          506.0,
          290.0000000000001,
          515.0,
          290.99999999999994,
          516.0000000000001,
          290.99999999999994,
          520.0,
          290.0000000000001,
          520.9999999999999,
          290.0000000000001,
          522.9999999999999,
          290.99999999999994,
          524.0000000000001,
          290.99999999999994,
          539.0,
          290.0000000000001,
          540.0,
          290.0000000000001,
          541.0,
          290.99999999999994,
          542.0,
          290.99999999999994,
          543.0,
          292.0,
          544.0,
          293.0,
          544.0,
          294.9999999999999,
          546.0000000000001,
          298.0,
          546.0000000000001,
          299.0000000000001,
          547.0000000000001,
          306.0,
          547.0000000000001,
          307.0,
          546.0000000000001,
          312.0,
          546.0000000000001,
          312.9999999999999,
          547.0000000000001,
          322.0,
          547.0000000000001,
          323.0,
          546.0000000000001,
          325.00000000000006,
          546.0000000000001,
          326.0000000000001,
          547.0000000000001,
          335.0000000000001,
          547.0000000000001,
          335.99999999999994,
          546.0000000000001,
          339.00000000000006,
          546.0000000000001,
          339.9999999999999,
          547.0000000000001,
          342.0,
          547.0000000000001,
          343.0,
          546.0000000000001,
          357.9999999999999,
          546.0000000000001,
          359.0,
          545.0,
          369.99999999999994,
          545.0,
          370.99999999999994,
          546.0000000000001,
          379.0,
          546.0000000000001,
          380.0,
          545.0,
          381.0,
          545.0,
          381.0,
          544.0,
          382.0,
          543.0,
          382.0,
          542.0,
          383.0,
          541.0,
          384.0,
          541.0,
          385.0,
          540.0,
          392.00000000000006,
          540.0,
          392.99999999999994,
          541.0,
          406.0,
          541.0,
          407.0,
          542.0,
          412.0,
          542.0,
          413.0,
          541.0,
          420.0,
          541.0,
          421.0,
          542.0,
          426.0,
          542.0,
          427.0,
          541.0,
          435.0,
          541.0,
          435.9999999999999,
          540.0,
          437.99999999999994,
          540.0,
          439.00000000000006,
          541.0,
          446.0,
          541.0,
          447.0,
          540.0,
          458.0,
          540.0,
          458.9999999999999,
          539.0,
          466.0,
          539.0,
          467.0,
          538.0,
          469.0,
          538.0,
          470.0000000000001,
          539.0,
          474.9999999999999,
          539.0,
          476.0,
          538.0,
          478.0,
          538.0,
          479.0,
          537.0000000000002,
          482.0000000000001,
          537.0000000000002,
          482.99999999999994,
          536.0,
          484.00000000000006,
          537.0000000000002,
          486.99999999999994,
          537.0000000000002,
          488.0,
          536.0,
          490.0,
          536.0,
          490.0,
          534.0,
          489.0,
          532.9999999999999,
          489.0,
          532.0,
          490.0,
          531.0,
          490.0,
          529.0,
          491.0,
          528.0,
          491.0,
          526.9999999999999,
          491.99999999999994,
          525.9999999999999,
          491.99999999999994,
          525.0000000000001,
          493.0,
          524.0000000000001,
          494.0,
          524.0000000000001,
          494.0,
          522.9999999999999,
          495.0,
          522.0,
          495.0,
          514.0000000000001,
          494.0,
          513.0,
          494.0,
          511.0,
          493.0,
          510.0,
          493.0,
          507.00000000000006,
          491.0,
          505.0,
          491.0,
          502.0,
          490.0,
          500.99999999999994,
          490.0,
          498.99999999999994,
          491.0,
          498.0000000000001,
          491.0,
          496.0000000000001,
          491.99999999999994,
          495.0,
          491.99999999999994,
          494.0000000000001,
          493.0,
          492.99999999999994,
          493.0,
          491.0,
          490.0,
          488.00000000000006,
          489.0,
          488.00000000000006,
          486.00000000000006,
          484.9999999999999,
          481.00000000000006,
          484.9999999999999,
          479.99999999999983,
          484.0,
          476.0,
          484.0,
          474.9999999999999,
          483.00000000000006
        ]
      ],
      "bbox": [
        289.0,
        483.00000000000006,
        206.0,
        64.00000000000006
      ],
      "ignore": 0,
      "iscrowd": 0,
      "area": 10834.5
    }
  ],
  "info": {
    "year": 2023,
    "version": "1.0",
    "description": "",
    "contributor": "Label Studio",
    "url": "",
    "date_created": "2023-05-30 17:01:30.717587"
  }
}